"key","value"
"相川","B6"
"青柳","E3"
"厚木","A1"
"池田","H7"
"石井","D4"
"石川","G2"
"大槻","H4"
"大野","B1"
"岡安","F6"
"小田島","I7"
"鹿島","A4"
"金森","D2"
"木藤","H3"
"熊川","G6"
"黒﨑","B8"
"小橋","I1"
"近内","D6"
"佐藤","E2"
"佐山","D7"
"進藤","E1"
"杉浦","H5"
"鈴木脩平","B3"
"鈴木雄太","G4"
"鈴村","A6"
"瀬戸口","A8"
"竹之内","F5"
"蔦谷","D1"
"名取","E4"
"畠山","B5"
"樋口","H1"
"福澄","A2"
"藤代","G7"
"本間","I3"
"松田","E7"
"望月","F1"
"工藤","E6"
"木幡","B2"
"小林","A7"
"田部","I5"
"馬飼野","G1"
"古瀬","I6"
"並木","D3"
"牧野","F7"
"岩見","F2"
"小室","B7"
"大川","A5"
"菊地","H6"
"田中","G3"
"松本","I2"
"Kaleo","D8"
"Dominique","F4"
"小山","E5"
"川井","B4"
"小嶋","A3"
"中島","G5"
"垣原","H2"
"坂内","I4"
"坂本","D5"
"田村","F3"
